Date, Open, High, Low, Close
01/01/23, 103.49, 104.10, 103.39, 103.49
12/30/22, 103.95, 104.10, 103.39, 103.52
12/29/22, 104.37, 104.45, 103.78, 103.84
12/28/22, 104.33, 104.56, 103.85, 104.46
12/27/22, 104.12, 104.40, 103.89, 104.18
12/23/22, 104.39, 104.54, 104.12, 104.33
12/22/22, 104.22, 104.60, 103.75, 104.43
12/21/22, 103.95, 104.38, 103.85, 104.16
12/20/22, 104.73, 104.79, 103.78, 103.97
12/19/22, 104.84, 104.93, 104.13, 104.72
12/16/22, 104.45, 104.84, 104.21, 104.70
12/15/22, 103.67, 104.88, 103.54, 104.56
12/14/22, 104.07, 104.16, 103.45, 103.77
12/13/22, 104.99, 105.09, 103.59, 103.98
12/12/22, 104.93, 105.25, 104.67, 105.13
12/09/22, 104.86, 105.14, 104.48, 104.81
12/08/22, 105.20, 105.43, 104.72, 104.77
12/07/22, 105.63, 105.82, 104.88, 105.10
12/06/22, 105.16, 105.63, 104.89, 105.58
12/05/22, 104.51, 105.40, 104.11, 105.29
12/02/22, 104.82, 105.58, 104.38, 104.55
12/01/22, 105.70, 105.90, 104.66, 104.73
11/30/22, 106.72, 107.19, 105.78, 105.95
11/29/22, 106.57, 106.88, 106.06, 106.82
11/28/22, 106.06, 106.75, 105.32, 106.68
11/25/22, 105.95, 106.42, 105.69, 105.96
11/24/22, 105.99, 106.07, 105.63, 106.08
11/23/22, 107.08, 107.22, 106.03, 106.08
11/22/22, 107.70, 107.75, 107.12, 107.22
11/21/22, 106.97, 107.99, 106.89, 107.83
11/18/22, 106.69, 107.04, 106.34, 106.93
11/17/22, 106.27, 107.24, 106.10, 106.69
11/16/22, 106.58, 106.78, 105.86, 106.28
11/15/22, 107.00, 107.10, 105.34, 106.40
11/14/22, 106.81, 107.27, 106.48, 106.66
11/11/22, 108.23, 108.44, 106.28, 106.29
11/10/22, 110.30, 110.99, 107.71, 108.21
11/09/22, 109.65, 110.64, 109.45, 110.55
11/08/22, 110.06, 110.61, 109.37, 109.64
11/07/22, 111.17, 111.27, 110.05, 110.12
11/04/22, 112.97, 112.99, 110.72, 110.88
11/03/22, 112.17, 113.15, 111.82, 112.93
11/02/22, 111.53, 112.15, 110.43, 111.34
11/01/22, 111.52, 111.78, 110.72, 111.48
10/31/22, 110.67, 111.67, 110.72, 111.53
10/28/22, 110.50, 111.04, 110.29, 110.75
10/27/22, 109.62, 110.62, 109.53, 110.59
10/26/22, 110.96, 111.14, 109.63, 109.70
10/25/22, 111.82, 112.13, 110.76, 110.95
10/24/22, 111.88, 112.53, 111.47, 111.99
10/21/22, 112.94, 113.94, 111.70, 112.01
10/20/22, 112.99, 113.09, 112.17, 112.88
10/19/22, 111.91, 113.09, 111.92, 112.98
10/18/22, 112.07, 112.45, 111.77, 112.13
10/17/22, 113.22, 113.22, 111.92, 112.04
10/14/22, 112.47, 113.42, 112.16, 113.31
10/13/22, 113.24, 113.92, 112.15, 112.36
10/12/22, 113.31, 113.59, 113.05, 113.32
10/11/22, 113.08, 113.50, 112.41, 113.22
10/10/22, 112.84, 113.33, 112.62, 113.14
10/07/22, 112.25, 112.88, 111.95, 112.80
10/06/22, 111.02, 112.31, 110.78, 112.26
10/05/22, 110.22, 111.73, 110.09, 110.06
10/04/22, 111.59, 111.89, 110.06, 110.06
10/03/22, 112.17, 112.54, 111.47, 111.75
09/30/22, 111.75, 112.67, 111.58, 112.12
09/29/22, 113.01, 113.79, 111.77, 112.25
09/28/22, 114.19, 114.78, 112.56, 112.60
09/27/22, 114.02, 114.02, 114.10, 114.10
09/26/22, 113.02, 114.53, 112.94, 114.10
09/23/22, 111.24, 113.23, 111.08, 113.19
09/22/22, 111.48, 111.81, 110.46, 111.35
09/21/22, 110.16, 111.58, 110.13, 110.64
09/20/22, 109.58, 110.29, 109.36, 110.22
09/19/22, 109.64, 110.17, 109.49, 109.74
09/16/22, 109.80, 110.26, 109.47, 109.76
09/15/22, 109.61, 109.66, 109.61, 109.66
09/14/22, 109.97, 109.93, 109.28, 109.66
09/13/22, 108.23, 110.01, 107.68, 109.81
09/12/22, 108.60, 108.86, 107.81, 108.33
09/09/22, 109.58, 109.54, 108.36, 109.00
09/08/22, 109.67, 110.24, 109.33, 109.71
09/07/22, 110.32, 110.79, 109.53, 109.84
09/06/22, 109.60, 110.55, 109.38, 110.21
09/05/22, 109.61, 110.27, 109.72, 109.83
09/02/22, 109.64, 109.72, 108.93, 109.53
09/01/22, 108.84, 109.98, 108.77, 109.69
08/31/22, 108.75, 109.20, 108.38, 108.70
08/30/22, 108.70, 109.11, 108.29, 108.77
08/29/22, 108.88, 109.48, 108.49, 108.83
08/26/22, 108.47, 108.87, 107.59, 108.80
08/25/22, 108.63, 108.69, 107.99, 108.47
08/24/22, 108.52, 109.11, 108.36, 108.68
08/23/22, 109.00, 109.27, 108.08, 108.62
08/22/22, 108.09, 109.10, 108.08, 109.05
08/19/22, 107.50, 108.22, 107.47, 108.17
08/18/22, 106.67, 107.56, 106.50, 107.48
08/17/22, 106.45, 106.89, 106.31, 106.57
08/16/22, 106.48, 106.94, 106.32, 106.50
08/15/22, 105.66, 106.55, 105.55, 106.55
08/12/22, 105.16, 105.88, 105.09, 105.63
08/11/22, 105.21, 105.46, 104.65, 105.09
08/10/22, 106.34, 106.40, 104.64, 105.20
08/09/22, 106.33, 106.41, 105.97, 106.37
08/08/22, 106.60, 106.80, 106.09, 106.44
08/05/22, 105.72, 106.93, 105.69, 106.62
08/04/22, 106.48, 106.51, 105.67, 105.69
08/03/22, 106.43, 106.82, 105.97, 106.51
08/02/22, 105.36, 106.35, 105.05, 106.24
08/01/22, 105.88, 106.03, 105.24, 105.45
07/29/22, 106.21, 106.66, 105.54, 105.90
07/28/22, 106.37, 106.97, 106.06, 106.35
07/27/22, 107.13, 107.43, 106.26, 106.45
07/26/22, 106.45, 107.28, 106.20, 107.19
07/25/22, 106.59, 107.36, 106.11, 106.73
07/22/22, 106.59, 107.36, 106.11, 106.73
07/21/22, 107.08, 107.32, 106.42, 106.91
07/20/22, 106.67, 107.25, 106.39, 107.08
07/19/22, 107.49, 107.63, 106.40, 106.68
07/18/22, 108.01, 108.04, 106.89, 107.37
07/15/22, 108.67, 108.71, 107.91, 108.06
07/14/22, 108.14, 109.29, 108.20, 108.54
07/13/22, 108.19, 108.58, 107.48, 107.96
07/12/22, 108.18, 108.56, 107.84, 108.07
07/11/22, 106.93, 108.27, 106.92, 108.02
07/08/22, 107.04, 107.79, 106.81, 107.01
07/07/22, 107.07, 107.23, 106.71, 107.13
07/06/22, 106.49, 107.26, 106.36, 107.10
07/05/22, 105.14, 106.79, 105.05, 106.53
07/04/22, 105.14, 105.25, 104.81, 105.14
07/01/22, 104.78, 105.64, 104.74, 105.14
06/30/22, 105.06, 105.54, 104.64, 104.69
06/29/22, 104.46, 105.15, 104.36, 105.11
06/28/22, 103.97, 104.61, 103.77, 104.51
06/27/22, 104.12, 104.21, 103.67, 103.94
06/24/22, 104.38, 104.51, 103.95, 104.19
06/23/22, 104.21, 104.77, 104.06, 104.43
06/22/22, 104.43, 104.95, 103.86, 104.20
06/21/22, 104.44, 104.54, 103.94, 104.44
06/20/22, 104.65, 104.82, 104.23, 104.70
06/17/22, 103.88, 105.08, 103.83, 104.70
06/16/22, 104.90, 105.49, 103.42, 103.63
06/15/22, 105.35, 105.79, 104.66, 105.16
06/14/22, 105.19, 105.65, 104.62, 105.52
06/13/22, 104.21, 105.28, 104.21, 105.08
06/10/22, 103.34, 104.23, 103.05, 104.15
06/09/22, 102.56, 103.37, 102.15, 103.22
06/08/22, 102.39, 102.78, 102.27, 102.54
06/07/22, 102.49, 102.84, 102.26, 102.32
06/06/22, 102.16, 102.47, 101.85, 102.44
06/03/22, 101.75, 102.22, 101.64, 102.14
06/02/22, 102.55, 102.62, 101.74, 101.82
06/01/22, 101.76, 102.73, 101.74, 102.50
05/31/22, 101.44, 102.17, 101.41, 101.75
05/30/22, 101.66, 101.72, 101.30, 101.67
05/27/22, 101.72, 101.94, 101.43, 101.67
05/26/22, 102.02, 102.27, 101.74, 101.83
05/25/22, 101.77, 102.45, 101.73, 102.06
05/24/22, 102.11, 102.32, 101.65, 101.86
05/23/22, 103.04, 103.05, 102.04, 102.08
05/20/22, 102.90, 103.26, 102.77, 103.15
05/19/22, 103.83, 103.88, 102.66, 102.72
05/18/22, 103.34, 103.93, 103.19, 103.81
05/17/22, 104.17, 104.23, 103.23, 103.36
05/16/22, 104.47, 104.64, 104.14, 104.19
05/13/22, 104.77, 105.00, 104.47, 104.56
05/12/22, 104.01, 104.92, 103.88, 104.85
05/11/22, 103.90, 104.11, 103.37, 103.85
05/10/22, 103.73, 103.98, 103.50, 103.92
05/09/22, 103.66, 104.19, 103.39, 103.65
05/06/22, 103.56, 104.06, 103.19, 103.66
05/05/22, 102.68, 103.94, 102.35, 103.75
05/04/22, 103.46, 103.61, 102.46, 102.59
05/03/22, 103.60, 103.67, 103.03, 103.47
05/02/22, 103.18, 103.75, 103.11, 103.74
04/29/22, 103.67, 103.67, 102.82, 102.96
04/28/22, 103.04, 103.93, 102.98, 103.62
04/27/22, 102.28, 103.28, 102.22, 102.95
04/26/22, 101.73, 101.75, 101.73, 101.75
04/25/22, 101.06, 101.86, 101.04, 101.75
04/22/22, 100.62, 101.33, 100.47, 101.22
04/21/22, 100.35, 100.64, 99.82, 100.58
04/20/22, 100.98, 101.03, 100.22, 100.39
04/19/22, 100.83, 101.03, 100.70, 100.96
04/18/22, 100.50, 100.86, 100.46, 100.78
04/15/22, 100.42, 100.57, 100.40, 100.50
04/14/22, 99.79, 100.76, 99.57, 100.32
04/13/22, 100.34, 100.52, 99.83, 99.88
04/12/22, 100.03, 100.33, 99.74, 100.29
04/11/22, 99.84, 100.05, 99.61, 99.93
04/08/22, 99.82, 100.19, 99.74, 99.80
04/07/22, 99.65, 99.83, 99.40, 99.75
04/06/22, 99.47, 99.77, 99.31, 99.60
04/05/22, 99.00, 99.52, 98.84, 99.47
04/04/22, 98.57, 99.08, 98.52, 99.00
04/01/22, 98.33, 98.74, 98.31, 98.63
03/31/22, 97.83, 98.40, 97.69, 98.31
03/30/22, 98.37, 98.43, 97.69, 97.79
03/29/22, 99.08, 99.30, 98.04, 98.40
03/28/22, 98.80, 99.37, 98.80, 99.09
03/25/22, 98.75, 98.83, 98.40, 98.79
03/24/22, 98.64, 98.96, 98.59, 98.79
03/23/22, 98.47, 98.88, 98.39, 98.62
03/22/22, 98.49, 98.97, 98.32, 98.49
03/21/22, 98.24, 98.53, 98.16, 98.50
03/18/22, 98.00, 98.62, 97.84, 98.23
03/17/22, 98.50, 98.51, 97.73, 97.97
03/16/22, 98.89, 99.08, 98.30, 98.62
03/15/22, 99.13, 99.20, 98.64, 99.10
03/14/22, 99.08, 99.29, 98.68, 99.00
03/11/22, 98.36, 99.16, 98.27, 99.12
03/10/22, 98.06, 98.60, 97.71, 98.51
03/09/22, 99.12, 99.11, 97.85, 97.97
03/08/22, 99.24, 99.32, 98.71, 99.06
03/07/22, 98.57, 99.42, 98.57, 99.29
03/04/22, 98.04, 98.92, 97.84, 98.65
03/03/22, 97.47, 97.95, 97.43, 97.78
03/02/22, 97.37, 97.83, 97.29, 97.39
03/01/22, 96.77, 97.58, 96.63, 97.41
02/28/22, 97.25, 97.42, 96.61, 96.71
02/25/22, 97.00, 97.22, 96.52, 96.61
02/24/22, 96.22, 97.73, 96.28, 97.14
02/23/22, 96.04, 96.24, 95.85, 96.19
02/22/22, 96.08, 96.26, 95.84, 96.03
02/21/22, 96.11, 96.15, 95.69, 96.12
02/18/22, 95.83, 96.17, 95.73, 96.04
02/17/22, 95.77, 96.11, 95.71, 95.80
02/16/22, 96.01, 96.06, 95.68, 95.70
02/15/22, 96.24, 96.29, 95.96, 95.99
02/14/22, 96.05, 96.44, 95.91, 96.37
02/11/22, 95.94, 96.11, 95.64, 96.08
02/10/22, 95.57, 96.00, 95.17, 95.55
02/09/22, 95.59, 95.67, 95.38, 95.49
02/08/22, 95.43, 95.75, 95.40, 95.64
02/07/22, 95.44, 95.63, 95.35, 95.40
02/04/22, 95.31, 95.70, 95.14, 95.48
02/03/22, 96.02, 96.25, 95.24, 95.38
02/02/22, 96.27, 96.30, 95.81, 95.94
02/01/22, 96.70, 96.72, 96.23, 96.39
01/31/22, 97.25, 97.30, 96.52, 96.54
01/28/22, 97.25, 97.44, 97.06, 97.27
01/27/22, 96.55, 97.29, 96.53, 97.25
01/26/22, 95.96, 96.54, 95.91, 95.95
01/25/22, 95.93, 96.27, 95.90, 95.95
01/24/22, 95.64, 96.13, 95.63, 95.92
01/21/22, 95.81, 95.84, 95.50, 95.64
01/20/22, 95.59, 95.86, 95.42, 95.73
01/19/22, 95.77, 95.79, 95.49, 95.51
01/18/22, 95.22, 95.83, 95.13, 95.73
01/17/22, 95.15, 95.35, 95.04, 95.26
01/14/22, 94.87, 95.27, 94.63, 95.17
01/13/22, 94.99, 95.02, 94.66, 94.79
01/12/22, 95.58, 95.69, 94.91, 94.92
01/11/22, 95.93, 96.07, 95.58, 95.62
01/10/22, 95.74, 96.23, 95.75, 95.99
01/07/22, 96.26, 96.30, 95.71, 95.72
01/06/22, 96.20, 96.39, 96.03, 96.32
01/05/22, 96.31, 96.33, 95.89, 96.17
01/04/22, 96.19, 96.46, 96.03, 96.26
01/03/22, 95.65, 96.33, 95.63, 96.21
12/31/21, 95.99, 96.11, 95.57, 95.97
12/30/21, 95.89, 96.22, 95.86, 95.97
12/29/21, 96.15, 96.39, 95.76, 95.93
12/28/21, 96.06, 96.28, 96.00, 96.20
12/27/21, 96.15, 96.26, 96.05, 96.09
12/24/21, 96.03, 96.28, 95.99, 96.02
12/23/21, 96.03, 96.28, 95.99, 96.06
12/22/21, 96.47, 96.60, 96.02, 96.08
12/21/21, 96.54, 96.64, 96.34, 96.49
12/20/21, 96.67, 96.69, 96.33, 96.55
12/17/21, 96.00, 96.69, 95.88, 96.56
12/16/21, 96.43, 96.45, 95.85, 96.04
12/15/21, 96.55, 96.91, 96.30, 96.51
12/14/21, 96.35, 96.59, 96.10, 96.57
12/13/21, 96.09, 96.44, 96.05, 96.32
12/10/21, 96.22, 96.43, 95.98, 96.10
12/09/21, 95.96, 96.34, 95.97, 96.27
12/08/21, 96.26, 96.38, 95.85, 95.89
12/07/21, 96.30, 96.59, 96.17, 96.37
12/06/21, 96.16, 96.43, 96.13, 96.33
12/03/21, 96.12, 96.45, 95.97, 96.12
12/02/21, 96.07, 96.17, 95.83, 96.16
12/01/21, 95.94, 96.14, 95.67, 96.03
11/30/21, 96.22, 96.64, 95.52, 95.99
11/29/21, 96.16, 96.44, 96.14, 96.34
11/26/21, 96.72, 96.77, 95.75, 96.09
11/25/21, 96.81, 96.82, 96.65, 96.77
11/24/21, 96.53, 96.94, 96.44, 96.88
11/23/21, 96.46, 96.61, 96.31, 96.49
11/22/21, 96.04, 96.55, 96.04, 96.55
11/19/21, 95.58, 96.24, 95.58, 96.03
11/18/21, 95.80, 95.84, 95.52, 95.54
11/17/21, 95.94, 96.24, 95.73, 95.83
11/16/21, 95.47, 95.98, 95.40, 95.92
11/15/21, 95.12, 95.59, 94.97, 95.41
11/12/21, 95.18, 95.27, 95.00, 95.13
11/11/21, 94.84, 95.20, 94.84, 95.18
11/10/21, 93.98, 94.90, 93.97, 94.85
11/09/21, 94.09, 94.15, 93.88, 93.95
11/08/21, 94.25, 94.38, 93.99, 94.05
11/05/21, 94.34, 94.62, 94.19, 94.32
11/04/21, 93.86, 94.47, 93.83, 94.35
11/03/21, 94.12, 94.21, 93.82, 93.86
11/02/21, 93.93, 94.13, 93.82, 94.09
11/01/21, 94.14, 94.31, 93.86, 93.88
10/29/21, 93.36, 94.30, 93.32, 94.12
10/28/21, 93.88, 93.97, 93.28, 93.34
10/27/21, 93.97, 94.01, 93.69, 93.80
10/26/21, 93.97, 93.97, 93.89, 93.95
10/25/21, 93.66, 93.96, 93.48, 93.81
10/22/21, 93.75, 93.79, 93.54, 93.64
10/21/21, 93.58, 93.79, 93.50, 93.77
10/20/21, 93.81, 93.88, 93.54, 93.56
10/19/21, 93.95, 93.95, 93.50, 93.73
10/18/21, 93.95, 94.17, 93.87, 93.95
10/15/21, 94.03, 94.03, 93.96, 93.96
10/14/21, 94.02, 94.08, 94.02, 94.08
10/13/21, 94.52, 94.53, 94.00, 94.08
10/12/21, 94.37, 94.56, 94.23, 94.52
10/11/21, 94.10, 94.40, 94.03, 94.32
10/08/21, 94.21, 94.34, 93.94, 94.07
10/07/21, 94.23, 94.28, 94.08, 94.22
10/06/21, 93.99, 94.45, 93.98, 94.27
10/05/21, 93.83, 94.06, 93.81, 93.97
10/04/21, 94.05, 94.10, 93.68, 93.78
10/01/21, 94.31, 94.39, 93.99, 94.03
09/30/21, 94.35, 94.50, 94.11, 94.23
09/29/21, 93.72, 94.43, 93.67, 94.34
09/28/21, 93.41, 93.81, 93.36, 93.77
09/27/21, 93.28, 93.49, 93.21, 93.38
09/24/21, 93.07, 93.42, 93.05, 93.33
09/23/21, 93.48, 93.52, 92.98, 93.46
09/22/21, 93.22, 93.51, 92.99, 93.46
09/21/21, 93.24, 93.28, 93.05, 93.20
09/20/21, 93.25, 93.45, 93.19, 93.28
09/17/21, 92.88, 93.25, 92.77, 93.19
09/16/21, 92.46, 92.96, 92.46, 92.93
09/15/21, 92.68, 92.68, 92.42, 92.55
09/14/21, 92.62, 92.68, 92.32, 92.62
09/13/21, 92.61, 92.89, 92.57, 92.67
09/10/21, 92.53, 92.65, 92.33, 92.58
09/09/21, 92.71, 92.76, 92.38, 92.48
09/08/21, 92.54, 92.86, 92.47, 92.65
09/07/21, 92.20, 92.57, 92.10, 92.51
09/06/21, 92.13, 92.31, 92.09, 92.22
09/03/21, 92.22, 92.26, 91.95, 92.03
09/02/21, 92.51, 92.53, 92.21, 92.22
09/01/21, 92.66, 92.79, 92.38, 92.45
08/31/21, 92.70, 92.75, 92.40, 92.63
08/30/21, 92.70, 92.79, 92.60, 92.65
08/27/21, 93.03, 93.18, 92.63, 92.69
08/26/21, 92.83, 93.08, 92.81, 93.06
08/25/21, 92.88, 93.13, 92.81, 92.83
08/24/21, 92.99, 93.08, 92.81, 92.89
08/23/21, 93.48, 93.50, 92.95, 92.96
08/20/21, 93.56, 93.73, 93.43, 93.50
08/19/21, 93.14, 93.58, 93.17, 93.57
08/18/21, 93.14, 93.26, 92.96, 93.14
08/17/21, 92.62, 93.17, 92.61, 93.13
08/16/21, 92.53, 92.66, 92.48, 92.63
08/13/21, 92.97, 93.01, 92.47, 92.52
08/12/21, 92.89, 93.03, 92.85, 93.03
08/11/21, 93.07, 93.19, 92.80, 92.92
08/10/21, 92.98, 93.14, 92.94, 93.06
08/09/21, 92.78, 92.99, 92.72, 92.94
08/06/21, 92.27, 92.84, 92.26, 92.80
08/05/21, 92.28, 92.35, 92.11, 92.24
08/04/21, 92.04, 92.31, 91.82, 92.27
08/03/21, 92.06, 92.16, 91.89, 92.08
08/02/21, 92.09, 92.17, 91.91, 92.05
07/30/21, 91.85, 92.20, 91.78, 92.17
07/29/21, 92.27, 92.29, 91.86, 91.86
07/28/21, 92.46, 92.75, 92.23, 92.32
07/27/21, 92.63, 92.84, 92.32, 92.43
07/26/21, 92.91, 92.96, 92.53, 92.65
07/23/21, 92.81, 93.02, 92.78, 92.91
07/22/21, 92.80, 92.92, 92.51, 92.82
07/21/21, 92.97, 93.19, 92.73, 92.75
07/20/21, 92.88, 93.17, 92.80, 92.97
07/19/21, 92.69, 93.04, 92.64, 92.89
07/16/21, 92.59, 92.76, 92.53, 92.69
07/15/21, 92.39, 92.69, 92.27, 92.62
07/14/21, 92.80, 92.83, 92.35, 92.41
07/13/21, 92.23, 92.81, 92.14, 92.75
07/12/21, 92.13, 92.42, 92.08, 92.26
07/09/21, 92.36, 92.54, 92.09, 92.13
07/08/21, 92.70, 92.79, 92.24, 92.42
07/07/21, 92.53, 92.84, 92.42, 92.64
07/06/21, 92.24, 92.66, 92.00, 92.55
07/05/21, 92.23, 92.36, 92.14, 92.21
07/02/21, 92.57, 92.74, 92.18, 92.23
07/01/21, 92.35, 92.60, 92.26, 92.60
06/30/21, 92.08, 92.45, 92.00, 92.44
06/29/21, 91.88, 92.19, 91.86, 92.05
06/28/21, 91.80, 92.02, 91.70, 91.89
06/25/21, 91.83, 91.88, 91.53, 91.85
06/24/21, 91.80, 91.91, 91.66, 91.81
06/23/21, 91.73, 91.90, 91.51, 91.80
06/22/21, 91.88, 92.14, 91.64, 91.76
06/21/21, 92.31, 92.37, 91.83, 91.90
06/18/21, 91.88, 92.41, 91.81, 92.22
06/17/21, 91.42, 92.01, 91.31, 91.89
06/16/21, 90.54, 91.40, 90.44, 91.13
06/15/21, 90.48, 90.67, 90.35, 90.54
06/14/21, 90.50, 90.60, 90.41, 90.52
06/11/21, 90.07, 90.61, 89.96, 90.56
06/10/21, 90.14, 90.31, 89.98, 90.08
06/09/21, 90.13, 90.17, 89.84, 90.12
06/08/21, 89.98, 90.18, 89.95, 90.08
06/07/21, 90.13, 90.30, 89.91, 89.95
06/04/21, 90.47, 90.63, 90.03, 90.14
06/03/21, 89.93, 90.55, 89.89, 90.51
06/02/21, 89.92, 90.25, 89.86, 89.91
06/01/21, 89.81, 89.94, 89.66, 89.83
05/31/21, 90.03, 90.12, 89.82, 90.03
05/28/21, 90.03, 90.44, 89.98, 90.03
05/27/21, 90.08, 90.18, 89.89, 89.97
05/26/21, 89.69, 90.11, 89.59, 90.04
05/25/21, 89.85, 89.87, 89.53, 89.64
05/24/21, 90.03, 90.10, 89.76, 89.84
05/21/21, 89.78, 90.15, 89.65, 90.02
05/20/21, 90.21, 90.23, 89.75, 89.81
05/19/21, 89.78, 90.29, 89.69, 90.19
05/18/21, 90.18, 90.20, 89.69, 89.75
05/17/21, 90.30, 90.43, 90.15, 90.16
05/14/21, 90.76, 90.80, 90.28, 90.32
05/13/21, 90.75, 90.91, 90.59, 90.75
05/12/21, 90.19, 90.80, 90.16, 90.71
05/11/21, 90.24, 90.36, 89.98, 90.14
05/10/21, 90.21, 90.34, 90.04, 90.21
05/07/21, 90.88, 90.96, 90.19, 90.23
05/06/21, 91.27, 91.38, 90.88, 90.95
05/05/21, 91.28, 91.44, 91.17, 91.31
05/04/21, 91.00, 91.40, 90.99, 91.29
05/03/21, 91.30, 91.39, 90.87, 90.94
04/30/21, 90.63, 91.32, 90.59, 91.28
04/29/21, 90.55, 90.79, 90.42, 90.61
04/28/21, 90.90, 91.13, 90.55, 90.61
04/27/21, 90.88, 91.07, 90.81, 90.91
04/26/21, 90.86, 90.99, 90.68, 90.81
04/23/21, 91.29, 91.30, 90.81, 90.86
04/22/21, 91.11, 91.42, 91.00, 91.33
04/21/21, 91.21, 91.43, 91.09, 91.16
04/20/21, 91.05, 91.28, 90.86, 91.24
04/19/21, 91.58, 91.75, 91.03, 91.07
04/16/21, 91.66, 91.81, 91.49, 91.56
04/15/21, 91.63, 91.75, 91.49, 91.69
04/14/21, 91.83, 91.83, 91.57, 91.69
04/13/21, 92.08, 92.33, 91.79, 91.85
04/12/21, 92.18, 92.33, 92.01, 92.14
04/09/21, 92.07, 92.41, 92.03, 92.16
04/08/21, 92.42, 92.48, 92.00, 92.06
04/07/21, 92.32, 92.50, 92.14, 92.45
04/06/21, 92.57, 92.79, 92.27, 92.33
04/05/21, 93.01, 93.11, 92.54, 92.59
04/02/21, 92.89, 93.07, 92.83, 93.01
04/01/21, 93.22, 93.34, 92.88, 92.93
03/31/21, 93.24, 93.44, 92.99, 93.23
03/30/21, 92.91, 93.35, 92.88, 93.30
03/29/21, 92.74, 92.96, 92.72, 92.94
03/26/21, 92.81, 92.87, 92.64, 92.77
03/25/21, 92.60, 92.92, 92.51, 92.53
03/24/21, 92.39, 92.61, 92.34, 92.53
03/23/21, 91.80, 92.39, 91.76, 92.34
03/22/21, 91.74, 92.15, 91.71, 91.74
03/19/21, 91.83, 92.17, 91.66, 91.92
03/18/21, 91.40, 91.90, 91.30, 91.86
03/17/21, 91.86, 92.00, 91.37, 91.44
03/16/21, 91.83, 92.03, 91.68, 91.86
03/15/21, 91.68, 91.97, 91.54, 91.83
03/12/21, 91.43, 91.96, 91.40, 91.68
03/11/21, 91.79, 91.88, 91.36, 91.42
03/10/21, 92.05, 92.24, 91.77, 91.82
03/09/21, 92.46, 92.50, 91.91, 91.96
03/08/21, 91.94, 92.42, 91.84, 92.31
03/05/21, 91.66, 92.19, 91.62, 91.98
03/04/21, 91.01, 91.67, 90.97, 91.63
03/03/21, 90.79, 91.06, 90.63, 90.95
03/02/21, 91.03, 91.39, 90.72, 90.78
03/01/21, 90.93, 91.14, 90.69, 91.04
02/26/21, 90.36, 90.97, 90.13, 90.88
02/25/21, 90.07, 90.29, 89.68, 90.13
02/24/21, 90.10, 90.43, 89.98, 90.18
02/23/21, 90.02, 90.26, 89.94, 90.17
02/22/21, 90.32, 90.58, 90.00, 90.01
02/19/21, 90.57, 90.65, 90.18, 90.36
02/18/21, 90.90, 90.98, 90.54, 90.59
02/17/21, 90.71, 91.06, 90.62, 90.95
02/16/21, 90.29, 90.65, 90.12, 90.51
02/15/21, 90.42, 90.47, 90.27, 90.37
02/12/21, 90.41, 90.74, 90.38, 90.48
02/11/21, 90.46, 90.47, 90.26, 90.42
02/10/21, 90.49, 90.53, 90.25, 90.37
02/09/21, 90.91, 90.93, 90.43, 90.44
02/08/21, 91.03, 91.23, 90.90, 90.93
02/05/21, 91.49, 91.49, 91.04, 91.04
02/04/21, 91.09, 91.58, 91.08, 91.53
02/03/21, 91.05, 91.31, 90.99, 91.17
02/02/21, 91.00, 91.29, 90.80, 91.20
02/01/21, 90.53, 91.06, 90.50, 90.98
01/29/21, 90.56, 90.78, 90.36, 90.58
01/28/21, 90.73, 90.86, 90.41, 90.45
01/27/21, 90.15, 90.88, 90.15, 90.65
01/26/21, 90.39, 90.61, 90.12, 90.17
01/25/21, 90.24, 90.52, 90.08, 90.39
01/22/21, 90.05, 90.31, 90.05, 90.24
01/21/21, 90.42, 90.45, 90.05, 90.13
01/20/21, 90.41, 90.70, 90.28, 90.47
01/19/21, 90.73, 90.76, 90.40, 90.50
01/18/21, 90.76, 90.95, 90.71, 90.77
01/15/21, 90.22, 90.80, 90.22, 90.77
01/14/21, 90.28, 90.58, 90.08, 90.24
01/13/21, 90.00, 90.45, 89.92, 90.36
01/12/21, 90.52, 90.62, 90.03, 90.09
01/11/21, 90.03, 90.73, 90.03, 90.47
01/08/21, 89.83, 90.25, 89.66, 90.10
01/07/21, 89.32, 89.97, 89.32, 89.83
01/06/21, 89.48, 89.80, 89.21, 89.53
01/05/21, 89.90, 89.90, 89.43, 89.44
01/04/21, 89.93, 89.94, 89.42, 89.87
12/31/20, 89.93, 89.93, 89.93, 89.93
12/30/20, 89.98, 89.98, 89.56, 89.68
12/29/20, 90.21, 90.23, 89.85, 89.99
12/28/20, 90.22, 90.38, 89.98, 90.34
12/25/20, 90.33, 90.42, 90.22, 90.22
12/24/20, 90.28, 90.38, 90.15, 90.32
12/23/20, 90.52, 90.67, 90.16, 90.41
12/22/20, 90.09, 90.72, 90.06, 90.65
12/21/20, 90.15, 91.02, 89.92, 90.04
12/18/20, 89.83, 90.13, 89.83, 90.02
12/17/20, 90.27, 90.27, 89.73, 89.82
12/16/20, 90.49, 90.70, 90.13, 90.45
12/15/20, 90.69, 90.82, 90.42, 90.47
12/14/20, 90.76, 90.98, 90.42, 90.71
12/11/20, 90.74, 91.04, 90.62, 90.98
12/10/20, 91.06, 91.15, 90.67, 90.82
12/09/20, 90.92, 91.20, 90.69, 91.09
12/08/20, 90.90, 91.02, 90.75, 90.97
12/07/20, 90.79, 91.24, 90.62, 90.79
12/04/20, 90.71, 90.87, 90.48, 90.70
12/03/20, 91.06, 91.09, 90.51, 90.71
12/02/20, 91.19, 91.50, 90.99, 91.12
12/01/20, 91.94, 91.94, 91.16, 91.31
11/30/20, 91.78, 92.05, 91.51, 91.87
11/27/20, 92.02, 92.05, 91.76, 91.79
11/26/20, 91.95, 92.17, 91.84, 91.99
11/25/20, 92.11, 92.26, 91.93, 91.99
11/24/20, 92.53, 92.56, 92.13, 92.23
11/23/20, 92.37, 92.80, 92.02, 92.50
11/20/20, 92.34, 92.43, 92.21, 92.39
11/19/20, 92.56, 92.72, 92.24, 92.29
11/18/20, 92.44, 92.51, 92.21, 92.32
11/17/20, 92.49, 92.61, 92.27, 92.42
11/16/20, 92.72, 92.84, 92.46, 92.64
11/13/20, 92.95, 93.00, 92.71, 92.75
11/12/20, 93.01, 93.14, 92.78, 92.96
11/11/20, 92.70, 93.21, 92.61, 93.04
11/10/20, 92.76, 92.97, 92.60, 92.75
11/09/20, 92.23, 92.96, 92.13, 92.72
11/06/20, 92.57, 92.82, 92.18, 92.23
11/05/20, 93.34, 93.55, 92.48, 92.53
11/04/20, 93.09, 94.30, 93.09, 93.41
11/03/20, 94.05, 94.05, 93.29, 93.55
11/02/20, 93.89, 94.28, 93.89, 94.13
10/30/20, 93.92, 94.08, 93.65, 94.04
10/29/20, 93.46, 94.10, 93.33, 93.95
10/28/20, 93.15, 93.64, 93.05, 93.41
10/27/20, 93.07, 93.13, 92.79, 92.94
10/26/20, 92.76, 93.11, 92.74, 93.05
10/23/20, 92.93, 93.13, 92.66, 92.77
10/22/20, 92.67, 92.97, 92.61, 92.95
10/21/20, 93.05, 93.07, 92.47, 92.61
10/20/20, 93.42, 93.50, 93.00, 93.07
10/19/20, 93.70, 93.77, 93.21, 93.43
10/16/20, 93.80, 93.88, 93.53, 93.68
10/15/20, 93.43, 93.90, 93.37, 93.86
10/14/20, 93.54, 93.67, 93.25, 93.38
10/13/20, 93.03, 93.60, 93.03, 93.53
10/12/20, 93.06, 93.24, 93.01, 93.06
10/09/20, 93.56, 93.59, 93.00, 93.06
10/08/20, 93.61, 93.78, 93.50, 93.61
10/07/20, 93.83, 93.90, 93.56, 93.63
10/06/20, 93.44, 93.85, 93.33, 93.69
10/05/20, 93.87, 93.87, 93.37, 93.51
10/02/20, 93.73, 94.03, 93.69, 93.84
10/01/20, 93.80, 93.92, 93.53, 93.71
09/30/20, 93.85, 94.19, 93.67, 93.89
09/29/20, 94.24, 94.30, 93.82, 93.89
09/28/20, 94.60, 94.64, 94.15, 94.28
09/25/20, 94.32, 94.74, 94.19, 94.64
09/24/20, 94.38, 94.59, 94.20, 94.35
09/23/20, 93.99, 94.43, 93.93, 94.39
09/22/20, 93.55, 94.08, 93.47, 93.99
09/21/20, 92.97, 93.78, 92.75, 93.66
09/18/20, 92.86, 93.01, 92.77, 92.93
09/17/20, 93.15, 93.59, 92.87, 92.97
09/16/20, 93.08, 93.28, 92.78, 93.21
09/15/20, 93.06, 93.14, 92.78, 93.05
09/14/20, 93.29, 93.33, 92.87, 93.05
09/11/20, 93.33, 93.38, 93.10, 93.33
09/10/20, 93.23, 93.45, 92.70, 93.34
09/09/20, 93.58, 93.66, 93.14, 93.25
09/08/20, 93.05, 93.52, 93.00, 93.44
09/07/20, 92.97, 93.09, 92.81, 93.07
09/04/20, 92.80, 93.24, 92.66, 92.72
09/03/20, 92.66, 93.07, 92.65, 92.74
09/02/20, 92.28, 92.87, 92.21, 92.85
09/01/20, 92.18, 92.40, 91.75, 92.34
08/31/20, 92.30, 92.48, 91.99, 92.14
08/28/20, 93.02, 93.10, 92.20, 92.37
08/27/20, 92.85, 93.32, 92.42, 93.00
08/26/20, 93.02, 93.36, 92.85, 93.01
08/25/20, 93.28, 93.35, 92.97, 93.02
08/24/20, 93.20, 93.34, 92.84, 93.30
08/21/20, 92.72, 93.47, 92.58, 93.25
08/20/20, 92.96, 93.24, 92.73, 92.79
08/19/20, 92.28, 93.05, 92.15, 92.89
08/18/20, 92.82, 92.82, 92.13, 92.27
08/17/20, 93.07, 93.12, 92.77, 92.85
08/14/20, 93.22, 93.41, 93.02, 93.10
08/13/20, 93.36, 93.39, 92.93, 93.33
08/12/20, 93.68, 93.91, 93.27, 93.44
08/11/20, 93.60, 93.74, 93.17, 93.63
08/10/20, 93.39, 93.69, 93.30, 93.58
08/07/20, 92.81, 93.62, 92.76, 93.44
08/06/20, 92.77, 93.09, 92.52, 92.79
08/05/20, 93.23, 93.25, 92.56, 92.87
08/04/20, 93.58, 93.83, 93.23, 93.38
08/03/20, 93.45, 93.99, 93.32, 93.35
07/31/20, 92.82, 93.54, 92.55, 93.35
07/30/20, 93.32, 93.68, 92.93, 93.02
07/29/20, 93.75, 93.80, 93.18, 93.45
07/28/20, 93.58, 94.01, 93.49, 93.70
07/27/20, 94.35, 94.42, 93.48, 93.67
07/24/20, 94.77, 94.83, 94.33, 94.44
07/23/20, 94.98, 95.18, 94.59, 94.69
07/22/20, 95.13, 95.41, 94.83, 94.99
07/21/20, 95.75, 95.92, 95.05, 95.12
07/20/20, 96.01, 96.18, 95.73, 95.83
07/17/20, 96.28, 96.33, 95.90, 95.94
07/16/20, 96.00, 96.40, 95.89, 96.35
07/15/20, 96.17, 96.25, 95.78, 96.08
07/14/20, 96.54, 96.70, 96.18, 96.26
07/13/20, 96.66, 96.68, 96.27, 96.46
07/10/20, 96.75, 96.97, 96.44, 96.65
07/09/20, 96.45, 96.81, 96.23, 96.70
07/08/20, 96.99, 97.05, 96.40, 96.43
07/07/20, 96.75, 97.15, 96.60, 96.88
07/06/20, 97.15, 97.19, 96.57, 96.72
07/03/20, 97.22, 97.36, 97.12, 97.17
07/02/20, 97.14, 97.34, 96.81, 97.32
07/01/20, 97.39, 97.62, 97.03, 97.20
06/30/20, 97.40, 97.80, 97.23, 97.39
06/29/20, 97.50, 97.65, 97.11, 97.54
06/26/20, 97.35, 97.68, 97.26, 97.43
06/25/20, 97.24, 97.60, 97.16, 97.43
06/24/20, 96.66, 97.24, 96.55, 97.15
06/23/20, 96.93, 97.25, 96.39, 96.65
06/22/20, 97.66, 97.74, 97.00, 97.04
06/19/20, 97.42, 97.72, 97.16, 97.62
06/18/20, 97.08, 97.58, 96.95, 97.42
06/17/20, 97.01, 97.34, 96.80, 97.16
06/16/20, 96.56, 97.25, 96.43, 96.96
06/15/20, 97.09, 97.39, 96.60, 96.71
06/12/20, 96.81, 97.45, 96.49, 97.32
06/11/20, 96.09, 96.83, 95.95, 96.73
06/10/20, 96.43, 96.46, 95.72, 95.96
06/09/20, 96.63, 97.06, 96.23, 96.32
06/08/20, 96.84, 97.07, 96.60, 96.62
06/05/20, 96.74, 97.03, 96.44, 96.94
06/04/20, 97.32, 97.63, 96.57, 96.68
06/03/20, 97.57, 97.63, 97.19, 97.28
06/02/20, 97.84, 97.91, 97.43, 97.67
06/01/20, 98.30, 98.32, 97.79, 97.83
05/29/20, 98.52, 98.55, 97.94, 98.34
05/28/20, 98.91, 99.09, 98.35, 98.38
05/27/20, 99.02, 99.34, 98.72, 99.06
05/26/20, 99.77, 99.77, 98.90, 98.91
05/25/20, 99.80, 99.97, 99.69, 99.86
05/22/20, 99.42, 99.87, 99.39, 99.86
05/21/20, 99.17, 99.51, 99.02, 99.37
05/20/20, 99.55, 99.56, 99.00, 99.12
05/19/20, 99.62, 99.73, 99.23, 99.37
05/18/20, 100.36, 100.47, 99.58, 99.67
05/15/20, 100.26, 100.49, 100.08, 100.40
05/14/20, 100.19, 100.56, 100.15, 100.47
05/13/20, 100.01, 100.28, 99.58, 100.24
05/12/20, 100.23, 100.44, 99.66, 99.93
05/11/20, 99.12, 100.28, 99.67, 100.24
05/08/20, 99.84, 99.94, 99.10, 99.73
05/07/20, 100.21, 100.40, 99.81, 99.89
05/06/20, 99.80, 100.20, 99.75, 100.09
05/05/20, 99.51, 99.97, 99.30, 99.71
05/04/20, 98.56, 99.60, 99.09, 99.48
05/01/20, 99.13, 99.21, 98.64, 99.08
04/30/20, 99.48, 99.72, 98.81, 99.02
04/29/20, 99.88, 99.89, 99.47, 99.56
04/28/20, 100.06, 100.21, 99.45, 99.86
04/27/20, 100.23, 100.32, 99.83, 100.04
04/24/20, 100.50, 100.87, 100.19, 100.38
04/23/20, 100.45, 100.69, 100.04, 100.43
04/22/20, 100.21, 100.50, 99.90, 100.39
04/21/20, 99.94, 100.48, 99.93, 100.26
04/20/20, 99.71, 100.07, 99.65, 99.95
04/17/20, 99.86, 100.29, 99.62, 99.78
04/16/20, 99.63, 100.30, 99.61, 100.03
04/15/20, 98.82, 99.98, 98.82, 99.46
04/14/20, 99.38, 99.43, 98.83, 98.89
04/13/20, 99.49, 99.63, 99.14, 99.35
04/10/20, 99.58, 99.63, 99.36, 99.52
04/09/20, 100.13, 100.30, 99.36, 99.52
04/08/20, 99.91, 100.43, 99.90, 100.12
04/07/20, 100.75, 100.79, 99.77, 99.90
04/06/20, 100.66, 100.93, 100.47, 100.69
04/03/20, 100.20, 100.85, 100.14, 100.58
04/02/20, 99.51, 100.41, 99.33, 100.18
04/01/20, 99.01, 99.84, 98.91, 99.67
03/31/20, 99.25, 99.95, 98.89, 99.05
03/30/20, 98.31, 99.32, 98.29, 99.18
03/27/20, 99.29, 99.81, 98.27, 98.36
03/26/20, 100.96, 101.02, 99.24, 99.35
03/25/20, 101.60, 101.91, 100.84, 101.05
03/24/20, 102.13, 102.21, 101.05, 102.04
03/23/20, 101.95, 102.98, 101.65, 102.49
03/20/20, 102.94, 102.99, 101.09, 102.82
03/19/20, 100.79, 102.94, 100.77, 102.75
03/18/20, 99.38, 101.74, 99.15, 101.16
03/17/20, 98.14, 99.83, 97.98, 99.58
03/16/20, 98.70, 98.47, 97.45, 98.07
03/13/20, 97.45, 98.81, 97.33, 98.75
03/12/20, 96.65, 98.31, 96.08, 97.47
03/11/20, 96.33, 96.69, 95.91, 96.51
03/10/20, 95.34, 96.58, 95.23, 96.41
03/09/20, 96.11, 95.79, 94.65, 94.89
03/06/20, 96.61, 96.70, 95.71, 95.95
03/05/20, 97.38, 97.44, 96.52, 96.82
03/04/20, 97.17, 97.59, 97.12, 97.34
03/03/20, 97.56, 97.69, 96.98, 97.15
03/02/20, 98.12, 98.09, 97.18, 97.36
02/28/20, 98.42, 98.66, 97.96, 98.13
02/27/20, 99.02, 99.05, 98.36, 98.51
02/26/20, 99.08, 99.27, 98.91, 99.00
02/25/20, 99.33, 99.39, 98.88, 98.97
02/24/20, 99.34, 99.64, 99.11, 99.36
02/21/20, 99.86, 99.87, 99.23, 99.26
02/20/20, 99.54, 99.91, 99.53, 99.86
02/19/20, 99.43, 99.72, 99.38, 99.70
02/18/20, 99.19, 99.47, 99.14, 99.44
02/17/20, 99.16, 99.21, 99.04, 99.16
02/14/20, 99.12, 99.17, 99.00, 99.12
02/13/20, 98.99, 99.11, 98.85, 99.07
02/12/20, 98.77, 99.05, 98.70, 99.05
02/11/20, 98.86, 98.95, 98.71, 98.72
02/10/20, 98.70, 98.88, 98.60, 98.83
02/07/20, 98.46, 98.72, 98.42, 98.68
02/06/20, 98.29, 98.57, 98.21, 98.50
02/05/20, 97.94, 98.32, 97.90, 98.30
02/04/20, 97.82, 98.01, 97.79, 97.96
02/03/20, 97.37, 97.89, 97.41, 97.80
01/31/20, 97.87, 97.97, 97.35, 97.39
01/30/20, 98.03, 98.07, 97.79, 97.87
01/29/20, 97.95, 98.19, 97.94, 97.99
01/28/20, 97.95, 98.16, 97.90, 98.02
01/27/20, 97.88, 98.00, 97.78, 97.96
01/24/20, 97.72, 97.95, 97.67, 97.85
01/23/20, 97.48, 97.80, 97.43, 97.69
01/22/20, 97.62, 97.69, 97.44, 97.53
01/21/20, 97.63, 97.66, 97.39, 97.53
01/20/20, 97.64, 97.73, 97.58, 97.61
01/17/20, 97.31, 97.66, 97.27, 97.61
01/16/20, 97.18, 97.36, 97.08, 97.32
01/15/20, 97.38, 97.44, 97.16, 97.23
01/14/20, 97.36, 97.56, 97.33, 97.37
01/13/20, 97.35, 97.53, 97.31, 97.34
01/10/20, 97.43, 97.58, 97.30, 97.36
01/09/20, 97.27, 97.56, 97.25, 97.45
01/08/20, 96.83, 97.35, 96.82, 97.30
01/07/20, 96.65, 97.09, 96.62, 97.00
01/06/20, 96.90, 96.90, 96.54, 96.67
01/03/20, 96.79, 97.11, 96.71, 96.84
01/02/20, 96.48, 96.87, 96.42, 96.85
01/01/20, 96.50, 97.10, 96.42, 96.50
12/31/19, 96.73, 96.73, 96.36, 96.39
12/30/19, 97.02, 97.00, 96.61, 96.74
12/27/19, 97.54, 97.55, 96.92, 96.92
12/26/19, 97.63, 97.71, 97.49, 97.53
12/25/19, 97.67, 97.73, 96.54, 97.44
12/24/19, 97.66, 97.80, 97.61, 97.65
12/23/19, 97.67, 97.82, 97.58, 97.66
12/20/19, 97.39, 97.76, 97.38, 97.69
12/19/19, 97.40, 97.49, 97.22, 97.38
12/18/19, 97.23, 97.47, 97.22, 97.40
12/17/19, 97.14, 97.30, 97.03, 97.22
12/16/19, 97.18, 97.16, 96.93, 97.02
12/13/19, 96.78, 97.24, 96.72, 97.17
12/12/19, 97.08, 97.52, 96.59, 97.40
12/11/19, 97.51, 97.60, 97.04, 97.41
12/10/19, 97.65, 97.66, 97.40, 97.41
12/09/19, 97.68, 97.72, 97.56, 97.64
12/06/19, 97.38, 97.84, 97.36, 97.70
12/05/19, 97.59, 97.59, 97.36, 97.41
12/04/19, 97.71, 97.79, 97.43, 97.65
12/03/19, 97.89, 97.94, 97.64, 97.74
12/02/19, 98.27, 98.38, 97.81, 97.86
11/29/19, 98.34, 98.54, 98.22, 98.27
11/28/19, 98.33, 98.40, 98.26, 98.37
11/27/19, 98.30, 98.44, 98.28, 98.37
11/26/19, 98.33, 98.38, 98.23, 98.25
11/25/19, 98.27, 98.38, 98.17, 98.32
11/22/19, 97.93, 98.31, 97.84, 98.27
11/21/19, 97.86, 98.03, 97.73, 97.99
11/20/19, 97.84, 98.04, 97.85, 97.93
11/19/19, 97.81, 97.89, 97.75, 97.86
11/18/19, 97.98, 97.98, 97.68, 97.79
11/15/19, 98.17, 98.23, 97.96, 98.00
11/14/19, 98.34, 98.42, 98.11, 98.16
11/13/19, 98.33, 98.45, 98.29, 98.37
11/12/19, 98.21, 98.42, 98.21, 98.31
11/11/19, 98.37, 98.38, 98.13, 98.20
11/08/19, 98.14, 98.40, 98.10, 98.35
11/07/19, 97.95, 98.23, 97.82, 98.14
11/06/19, 97.94, 97.98, 97.78, 97.95
11/05/19, 97.55, 98.01, 97.47, 97.98
11/04/19, 97.22, 97.58, 97.17, 97.50
11/01/19, 97.30, 97.45, 97.11, 97.24
10/31/19, 97.44, 97.45, 97.22, 97.35
10/30/19, 97.67, 98.00, 97.45, 97.65
10/29/19, 97.75, 97.93, 97.61, 97.69
10/28/19, 97.85, 97.89, 97.67, 97.76
10/25/19, 97.69, 97.90, 97.57, 97.83
10/24/19, 97.46, 97.78, 97.28, 97.63
10/23/19, 97.49, 97.65, 97.42, 97.49
10/22/19, 97.31, 97.57, 97.26, 97.53
10/21/19, 97.34, 97.40, 97.15, 97.33
10/18/19, 97.60, 97.66, 97.14, 97.28
10/17/19, 97.99, 98.11, 97.50, 97.61
10/16/19, 98.32, 98.42, 97.90, 98.00
10/15/19, 98.45, 98.64, 98.21, 98.29
10/14/19, 98.36, 98.53, 98.34, 98.45
10/11/19, 98.70, 98.74, 98.20, 98.30
10/10/19, 98.98, 99.07, 98.62, 98.70
10/09/19, 99.09, 99.16, 98.90, 99.12
10/08/19, 98.98, 98.98, 98.97, 98.97
10/07/19, 98.82, 99.00, 98.74, 98.97
10/04/19, 98.87, 99.00, 98.73, 98.81
10/03/19, 99.03, 99.19, 98.64, 98.86
10/02/19, 99.16, 99.42, 98.96, 99.02
10/01/19, 99.40, 99.67, 99.07, 99.13
09/30/19, 99.12, 99.46, 99.05, 99.38
09/27/19, 99.19, 99.31, 98.99, 99.11
09/26/19, 98.96, 99.28, 98.84, 99.13
09/25/19, 98.38, 99.06, 98.36, 99.04
09/24/19, 98.64, 98.70, 98.29, 98.34
09/23/19, 98.51, 98.83, 98.45, 98.60
09/20/19, 98.57, 98.62, 98.20, 98.27
09/19/19, 98.57, 98.62, 98.20, 98.27
09/18/19, 98.21, 98.69, 98.19, 98.56
09/17/19, 98.65, 98.74, 98.19, 98.26
09/16/19, 98.12, 98.71, 98.03, 98.61
09/13/19, 98.41, 98.43, 97.86, 98.26
09/12/19, 98.63, 99.10, 98.19, 98.31
09/11/19, 98.33, 98.75, 97.86, 98.64
09/10/19, 98.33, 98.46, 98.26, 98.33
09/09/19, 98.42, 98.51, 98.14, 98.28
09/06/19, 98.42, 98.52, 98.01, 98.39
09/05/19, 98.40, 98.53, 98.08, 98.41
09/04/19, 98.96, 98.97, 98.39, 98.45
09/03/19, 99.08, 99.37, 98.92, 99.00
09/02/19, 98.83, 99.13, 98.81, 99.04
08/30/19, 98.43, 99.02, 98.41, 98.92
08/29/19, 98.19, 98.55, 98.16, 98.46
08/28/19, 98.01, 98.26, 98.00, 98.21
08/27/19, 98.05, 98.05, 97.86, 98.00
08/26/19, 97.59, 98.09, 97.48, 98.08
08/23/19, 98.19, 98.45, 97.17, 97.64
08/22/19, 98.25, 98.39, 98.08, 98.17
08/21/19, 98.17, 98.33, 97.95, 98.30
08/20/19, 98.36, 98.45, 98.12, 98.19
08/19/19, 98.17, 98.39, 98.13, 98.35
08/16/19, 98.13, 98.34, 98.11, 98.14
08/15/19, 97.95, 98.24, 97.82, 98.14
08/14/19, 97.80, 98.05, 97.67, 97.99
08/13/19, 97.48, 97.85, 97.32, 97.81
08/12/19, 97.53, 97.74, 97.32, 97.38
08/09/19, 97.57, 97.64, 97.03, 97.49
08/08/19, 97.60, 97.74, 97.43, 97.62
08/07/19, 97.56, 97.85, 97.31, 97.54
08/06/19, 97.25, 97.77, 97.21, 97.63
08/05/19, 98.11, 98.14, 97.38, 97.52
08/02/19, 98.41, 98.45, 98.05, 98.07
08/01/19, 98.59, 98.93, 98.27, 98.37
07/31/19, 98.03, 98.68, 98.00, 98.52
07/30/19, 98.07, 98.21, 98.02, 98.05
07/29/19, 97.99, 98.17, 97.90, 98.04
07/26/19, 97.79, 98.09, 97.76, 98.01
07/25/19, 97.69, 97.92, 97.50, 97.82
07/24/19, 97.72, 97.81, 97.55, 97.73
07/23/19, 97.30, 97.74, 97.30, 97.70
07/22/19, 97.14, 97.30, 97.13, 97.26
07/19/19, 96.82, 97.29, 96.76, 97.15
07/18/19, 97.19, 97.26, 96.67, 96.79
07/17/19, 97.36, 97.44, 97.16, 97.22
07/16/19, 96.92, 97.44, 96.92, 97.39
07/15/19, 96.84, 96.97, 96.75, 96.93
07/12/19, 97.08, 97.12, 96.72, 96.81
07/11/19, 97.06, 97.15, 96.80, 97.05
07/10/19, 97.51, 97.55, 97.03, 97.10
07/09/19, 97.38, 97.59, 97.36, 97.49
07/08/19, 97.23, 97.42, 97.16, 97.38
07/05/19, 96.72, 97.44, 96.72, 97.29
07/04/19, 96.71, 96.81, 96.66, 96.77
07/03/19, 96.73, 96.87, 96.59, 96.77
07/02/19, 96.81, 96.88, 96.60, 96.73
07/01/19, 96.25, 96.87, 96.25, 96.84
06/28/19, 96.19, 96.30, 96.02, 96.13
06/27/19, 96.17, 96.21, 96.17, 96.21
06/26/19, 96.18, 96.34, 96.07, 96.21
06/25/19, 96.00, 96.36, 95.84, 96.14
06/24/19, 96.18, 96.20, 95.97, 95.98
06/21/19, 96.62, 96.71, 96.09, 96.22
06/20/19, 97.17, 97.20, 96.57, 96.63
06/19/19, 97.63, 97.68, 97.09, 97.12
06/18/19, 97.53, 97.77, 97.37, 97.64
06/17/19, 97.52, 97.60, 97.34, 97.56
06/14/19, 97.01, 97.58, 96.94, 97.57
06/13/19, 96.96, 97.08, 96.87, 97.01
06/12/19, 96.71, 97.02, 96.58, 97.00
06/11/19, 96.75, 96.88, 96.64, 96.69
06/10/19, 96.64, 96.94, 96.63, 96.76
06/07/19, 97.01, 97.18, 96.46, 96.54
06/06/19, 97.29, 97.35, 96.78, 97.04
06/05/19, 97.12, 97.37, 96.75, 97.32
06/04/19, 97.21, 97.33, 97.00, 97.07
06/03/19, 97.64, 97.80, 97.11, 97.14
05/31/19, 98.15, 98.17, 97.61, 97.75
05/30/19, 98.13, 98.28, 98.09, 98.14
05/29/19, 97.92, 98.21, 97.86, 98.14
05/28/19, 97.74, 97.98, 97.70, 97.95
05/27/19, 97.57, 97.79, 97.55, 97.61
05/24/19, 97.83, 97.91, 97.55, 97.61
05/23/19, 98.06, 98.37, 97.81, 97.86
05/22/19, 98.02, 98.12, 97.89, 98.04
05/21/19, 97.92, 98.13, 97.82, 98.06
05/20/19, 97.96, 98.04, 97.88, 97.93
05/17/19, 97.83, 98.03, 97.77, 98.00
05/16/19, 97.54, 97.88, 97.44, 97.86
05/15/19, 97.53, 97.70, 97.44, 97.57
05/14/19, 97.32, 97.56, 97.27, 97.53
05/13/19, 97.30, 97.38, 97.03, 97.32
05/10/19, 97.43, 97.45, 97.13, 97.33
05/09/19, 97.58, 97.70, 97.24, 97.37
05/08/19, 97.57, 97.68, 97.42, 97.62
05/07/19, 97.52, 97.74, 97.38, 97.63
05/06/19, 97.56, 97.70, 97.46, 97.52
05/03/19, 97.83, 98.10, 97.41, 97.52
05/02/19, 97.63, 97.85, 97.51, 97.83
05/01/19, 97.53, 97.73, 97.15, 97.69
04/30/19, 97.84, 97.89, 97.44, 97.48
04/29/19, 98.03, 98.10, 97.83, 97.86
04/26/19, 98.12, 98.33, 97.85, 98.01
04/25/19, 98.10, 98.32, 97.99, 98.20
04/24/19, 97.59, 98.19, 97.59, 98.17
04/23/19, 97.28, 97.78, 97.28, 97.64
04/22/19, 97.38, 97.41, 97.26, 97.29
04/19/19, 97.01, 97.48, 96.96, 97.47
04/18/19, 97.01, 97.48, 96.96, 97.47
04/17/19, 97.07, 97.12, 96.82, 97.01
04/16/19, 96.93, 97.09, 96.88, 97.04
04/15/19, 96.92, 96.96, 96.79, 96.94
04/12/19, 97.14, 97.18, 96.75, 96.97
04/11/19, 96.89, 97.19, 96.88, 97.18
04/10/19, 96.99, 97.22, 96.85, 96.95
04/09/19, 97.08, 97.08, 96.86, 97.01
04/08/19, 97.39, 97.40, 96.98, 97.05
04/05/19, 97.30, 97.47, 97.19, 97.39
04/04/19, 97.04, 97.34, 97.02, 97.31
04/03/19, 97.30, 97.32, 96.96, 97.09
04/02/19, 97.33, 97.52, 97.27, 97.36
04/01/19, 97.18, 97.39, 97.03, 97.23
03/29/19, 97.20, 97.34, 97.00, 97.28
03/28/19, 96.97, 97.30, 96.82, 97.20
03/27/19, 96.75, 96.98, 96.68, 96.77
03/26/19, 96.50, 96.84, 96.45, 96.74
03/25/19, 96.64, 96.68, 96.41, 96.57
03/22/19, 96.32, 96.81, 96.21, 96.65
03/21/19, 95.91, 96.63, 95.84, 96.50
03/20/19, 96.40, 96.57, 95.74, 95.76
03/19/19, 96.51, 96.52, 96.29, 96.38
03/18/19, 96.56, 96.63, 96.38, 96.52
03/15/19, 96.72, 96.79, 96.49, 96.59
03/14/19, 96.49, 96.82, 96.47, 96.78
03/13/19, 97.01, 97.02, 96.39, 96.55
03/12/19, 97.05, 97.28, 96.86, 96.94
03/11/19, 97.39, 97.45, 96.92, 97.22
03/08/19, 97.61, 97.64, 97.25, 97.31
03/07/19, 96.83, 97.71, 96.81, 97.67
03/06/19, 96.90, 96.99, 96.78, 96.87
03/05/19, 96.67, 97.01, 96.66, 96.87
03/04/19, 96.34, 96.82, 96.33, 96.68
03/01/19, 96.22, 96.55, 96.07, 96.53
02/28/19, 96.09, 96.28, 95.82, 96.16
02/27/19, 96.06, 96.19, 95.88, 96.15
02/26/19, 96.39, 96.46, 95.95, 96.00
02/25/19, 96.52, 96.60, 96.32, 96.41
02/22/19, 96.59, 96.78, 96.42, 96.51
02/21/19, 96.49, 96.66, 96.36, 96.61
02/20/19, 96.53, 96.65, 96.29, 96.45
02/19/19, 96.81, 97.08, 96.43, 96.52
02/18/19, 97.06, 97.37, 96.83, 96.90
02/15/19, 97.06, 97.37, 96.83, 96.90
02/14/19, 97.14, 97.28, 96.95, 96.98
02/13/19, 96.73, 97.26, 96.63, 97.13
02/12/19, 97.06, 97.20, 96.65, 96.71
02/11/19, 96.66, 97.12, 96.62, 97.06
02/08/19, 96.60, 96.69, 96.45, 96.64
02/07/19, 96.39, 96.67, 96.38, 96.51
02/06/19, 96.06, 96.42, 96.04, 96.39
02/05/19, 95.83, 96.12, 95.81, 96.07
02/04/19, 95.60, 95.92, 95.57, 95.85
02/01/19, 95.55, 95.66, 95.40, 95.58
01/31/19, 95.35, 95.62, 95.16, 95.58
01/30/19, 95.79, 95.98, 95.25, 95.34
01/29/19, 95.74, 95.87, 95.62, 95.82
01/28/19, 95.79, 95.92, 95.64, 95.75
01/25/19, 96.49, 96.53, 95.74, 95.79
01/24/19, 96.07, 96.68, 96.04, 96.60
01/23/19, 96.31, 96.37, 96.05, 96.12
01/22/19, 96.34, 96.48, 96.22, 96.30
01/21/19, 96.35, 96.43, 96.20, 96.34
01/18/19, 96.07, 96.39, 96.01, 96.34
01/17/19, 96.07, 96.26, 95.98, 96.06
01/16/19, 95.94, 96.18, 95.86, 96.06
01/15/19, 95.57, 96.26, 95.47, 96.04
01/14/19, 95.65, 95.72, 95.48, 95.61
01/11/19, 95.44, 95.76, 95.19, 95.67
01/10/19, 95.16, 95.62, 95.03, 95.54
01/09/19, 95.81, 95.92, 95.12, 95.22
01/08/19, 95.69, 96.03, 95.68, 95.90
01/07/19, 96.16, 96.16, 95.64, 95.67
01/04/19, 96.28, 96.61, 96.05, 96.18
01/03/19, 96.72, 96.75, 96.21, 96.31
01/02/19, 96.14, 96.96, 95.82, 96.82
01/01/19, 96.40, 96.51, 96.00, 96.17
12/31/18, 96.40, 96.51, 96.00, 96.17
12/28/18, 96.51, 96.52, 96.19, 96.40
12/27/18, 96.92, 96.94, 96.41, 96.48
12/26/18, 96.58, 97.12, 96.53, 97.05
12/25/18, 96.94, 96.94, 96.38, 96.55
12/24/18, 96.94, 96.94, 96.38, 96.55
12/21/18, 96.39, 97.05, 96.25, 96.96
12/20/18, 96.99, 97.04, 96.17, 96.28
12/19/18, 96.91, 97.10, 96.55, 97.03
12/18/18, 97.13, 97.17, 96.70, 97.10
12/17/18, 97.43, 97.46, 97.05, 97.10
12/14/18, 97.09, 97.71, 97.08, 97.44
12/13/18, 97.04, 97.29, 96.88, 97.06
12/12/18, 97.38, 97.49, 96.89, 97.04
12/11/18, 97.18, 97.55, 96.87, 97.39
12/10/18, 96.72, 97.24, 96.36, 97.22
12/07/18, 96.80, 96.92, 96.51, 96.51
12/06/18, 97.01, 97.20, 96.55, 96.81
12/05/18, 97.01, 97.20, 96.83, 97.07
12/04/18, 96.94, 97.13, 96.38, 96.97
12/03/18, 97.13, 97.16, 96.71, 97.04
11/30/18, 96.76, 97.31, 96.71, 97.27
11/29/18, 96.84, 97.00, 96.63, 96.78
11/28/18, 97.37, 97.54, 96.69, 96.79
11/27/18, 97.03, 97.50, 96.97, 97.37
11/26/18, 96.93, 97.10, 96.66, 97.07
11/23/18, 96.51, 96.98, 96.40, 96.92
11/22/18, 96.72, 96.72, 96.32, 96.71
11/21/18, 96.82, 96.87, 96.50, 96.71
11/20/18, 96.20, 96.89, 96.04, 96.84
11/19/18, 96.43, 96.57, 96.12, 96.19
11/16/18, 97.05, 97.06, 96.40, 96.47
11/15/18, 97.01, 97.39, 96.77, 96.93
11/14/18, 97.03, 97.41, 96.75, 96.80
11/13/18, 97.60, 97.66, 96.94, 97.30
11/12/18, 97.05, 97.69, 96.97, 97.54
11/09/18, 96.63, 97.01, 96.62, 96.91
11/08/18, 96.19, 96.74, 96.07, 96.72
11/07/18, 95.99, 96.46, 95.68, 96.00
11/06/18, 96.33, 96.45, 96.14, 96.32
11/05/18, 96.44, 96.68, 96.25, 96.28
11/02/18, 96.31, 96.59, 95.99, 96.54
11/01/18, 97.08, 97.11, 96.20, 96.28
10/31/18, 96.99, 97.20, 96.88, 97.13
10/30/18, 96.66, 97.02, 96.62, 97.01
10/29/18, 96.44, 96.70, 96.35, 96.58
10/26/18, 96.59, 96.86, 96.29, 96.36
10/25/18, 96.36, 96.73, 96.21, 96.68
10/24/18, 95.92, 96.53, 95.91, 96.43
10/23/18, 96.03, 96.16, 95.81, 95.96
10/22/18, 95.66, 96.09, 95.47, 96.01
10/19/18, 95.95, 96.09, 95.54, 95.71
10/18/18, 95.66, 95.99, 95.49, 95.90
10/17/18, 95.09, 95.66, 95.06, 95.58
10/16/18, 95.05, 95.20, 94.79, 95.05
10/15/18, 95.35, 95.37, 94.95, 95.06
10/12/18, 95.04, 95.37, 94.95, 95.22
10/11/18, 95.43, 95.43, 94.99, 95.02
10/10/18, 95.59, 95.79, 95.38, 95.51
10/09/18, 95.75, 96.16, 95.64, 95.67
10/08/18, 95.62, 96.03, 95.59, 95.76
10/05/18, 95.76, 95.94, 95.52, 95.62
10/04/18, 96.05, 96.12, 95.55, 95.75
10/03/18, 95.46, 96.12, 95.26, 95.76
10/02/18, 95.30, 95.74, 95.26, 95.51
10/01/18, 95.11, 95.37, 95.00, 95.30
09/28/18, 95.02, 95.37, 94.92, 95.13
09/27/18, 94.25, 95.01, 94.21, 94.89
09/26/18, 94.17, 94.40, 93.95, 94.19
09/25/18, 94.25, 94.37, 94.01, 94.13
09/24/18, 94.23, 94.37, 93.84, 94.19
09/21/18, 93.89, 94.33, 93.81, 94.22
09/20/18, 94.55, 94.56, 93.83, 93.91
09/19/18, 94.54, 94.73, 94.32, 94.54
09/18/18, 94.61, 94.73, 94.31, 94.64
09/17/18, 94.93, 94.98, 94.44, 94.50
09/14/18, 94.55, 95.00, 94.36, 94.93
09/13/18, 94.83, 94.97, 94.43, 94.52
09/12/18, 95.10, 95.28, 94.73, 94.80
09/11/18, 95.15, 95.35, 94.88, 95.25
09/10/18, 95.43, 95.56, 95.03, 95.15
09/07/18, 95.02, 95.46, 94.87, 95.36
09/06/18, 95.10, 95.21, 94.93, 95.02
09/05/18, 95.40, 95.66, 95.08, 95.18
09/04/18, 95.14, 95.74, 95.14, 95.44
09/03/18, 94.70, 95.22, 94.55, 95.14
08/31/18, 94.70, 95.22, 94.55, 95.14
08/30/18, 94.53, 94.90, 94.47, 94.72
08/29/18, 94.73, 94.93, 94.53, 94.60
08/28/18, 94.77, 94.91, 94.43, 94.72
08/27/18, 95.17, 95.30, 94.69, 94.78
08/24/18, 95.64, 95.69, 95.03, 95.15
08/23/18, 95.17, 95.71, 95.15, 95.67
08/22/18, 95.21, 95.38, 94.93, 95.15
08/21/18, 95.74, 95.75, 95.08, 95.26
08/20/18, 96.13, 96.40, 95.73, 95.90
08/17/18, 96.61, 96.66, 96.09, 96.10
08/16/18, 96.72, 96.77, 96.32, 96.64
08/15/18, 96.66, 96.98, 96.65, 96.70
08/14/18, 95.17, 96.79, 95.16, 96.73
08/13/18, 95.19, 96.52, 95.16, 96.39
08/10/18, 95.64, 96.45, 95.53, 96.36
08/09/18, 95.10, 95.62, 95.03, 95.50
08/08/18, 95.14, 95.42, 94.99, 95.05
08/07/18, 95.34, 95.37, 94.99, 95.22
08/06/18, 95.20, 95.52, 95.20, 95.36
08/03/18, 95.18, 95.37, 94.98, 95.14
08/02/18, 94.63, 95.19, 94.61, 95.16
08/01/18, 94.56, 94.71, 94.49, 94.62
07/31/18, 94.33, 94.57, 94.16, 94.49
07/30/18, 94.66, 94.76, 94.26, 94.32
07/27/18, 94.76, 94.91, 94.63, 94.67
07/26/18, 94.16, 94.80, 94.08, 94.75
07/25/18, 94.59, 94.67, 94.14, 94.36
07/24/18, 94.67, 94.86, 94.40, 94.61
07/23/18, 94.43, 94.72, 94.21, 94.67
07/20/18, 95.13, 95.28, 94.36, 94.45
07/19/18, 95.08, 95.65, 94.93, 95.15
07/18/18, 95.03, 95.41, 94.96, 95.08
07/17/18, 94.55, 95.06, 94.30, 94.94
07/16/18, 94.69, 94.77, 94.41, 94.51
07/13/18, 94.89, 95.24, 94.67, 94.75
07/12/18, 94.70, 94.94, 94.64, 94.81
07/11/18, 94.20, 94.77, 94.09, 94.72
07/10/18, 94.06, 94.47, 94.02, 94.15
07/09/18, 93.97, 94.21, 93.71, 94.08
07/06/18, 94.36, 94.49, 93.92, 94.04
07/05/18, 94.51, 94.59, 94.18, 94.47
07/04/18, 94.52, 94.71, 94.40, 94.67
07/03/18, 94.84, 94.98, 94.56, 94.67
07/02/18, 94.63, 95.14, 94.53, 95.03
06/29/18, 95.30, 95.32, 94.47, 94.64
06/28/18, 95.27, 95.53, 95.09, 95.39
06/27/18, 94.67, 95.42, 94.53, 95.27
06/26/18, 94.29, 94.77, 94.17, 94.66
06/25/18, 94.50, 94.70, 94.21, 94.28
06/22/18, 94.86, 94.88, 94.43, 94.52
06/21/18, 95.13, 95.53, 94.68, 94.74
06/20/18, 94.97, 95.30, 94.92, 95.06
06/19/18, 94.74, 95.30, 94.53, 95.08
06/18/18, 94.79, 95.05, 94.70, 94.80
06/15/18, 94.91, 95.13, 94.65, 94.79
06/14/18, 93.50, 94.93, 93.19, 94.77
06/13/18, 93.83, 94.03, 93.52, 93.71
06/12/18, 93.67, 93.91, 93.47, 93.80
06/11/18, 93.54, 93.68, 93.37, 93.58
06/08/18, 93.44, 93.82, 93.39, 93.55
06/07/18, 93.60, 93.59, 93.21, 93.40
06/06/18, 93.88, 93.89, 93.42, 93.66
06/05/18, 94.06, 94.32, 93.78, 93.90
06/04/18, 94.16, 94.19, 93.66, 94.02
06/01/18, 94.07, 94.25, 93.72, 93.98
05/31/18, 94.07, 94.25, 93.72, 93.98
05/30/18, 94.82, 94.97, 94.04, 94.15
05/29/18, 94.41, 95.03, 94.28, 94.83
05/28/18, 94.42, 94.50, 93.86, 94.19
05/25/18, 93.80, 94.30, 93.75, 94.19
05/24/18, 93.92, 93.98, 93.61, 93.76
05/23/18, 93.55, 94.19, 93.51, 94.00
05/22/18, 93.54, 93.73, 93.29, 93.61
05/21/18, 93.67, 94.06, 93.51, 93.68
05/18/18, 93.50, 93.83, 93.34, 93.64
05/17/18, 93.26, 93.56, 93.12, 93.47
05/16/18, 93.31, 93.63, 93.14, 93.39
05/15/18, 92.65, 93.46, 92.61, 93.22
05/14/18, 92.55, 92.69, 92.24, 92.59
05/11/18, 92.69, 92.84, 92.37, 92.54
05/10/18, 93.08, 93.16, 92.54, 92.65
05/09/18, 93.07, 93.42, 92.84, 93.04
05/08/18, 92.77, 93.28, 92.65, 93.12
05/07/18, 92.57, 92.97, 92.45, 92.75
05/04/18, 92.43, 92.90, 92.35, 92.57
05/03/18, 92.72, 92.76, 92.34, 92.41
05/02/18, 92.47, 92.83, 92.22, 92.51
05/01/18, 91.81, 92.57, 91.80, 92.45
04/30/18, 91.53, 91.92, 91.48, 91.84
04/27/18, 91.58, 91.99, 91.49, 91.54
04/26/18, 91.21, 91.64, 90.96, 91.56
04/25/18, 90.78, 91.26, 90.75, 91.17
04/24/18, 90.92, 91.08, 90.71, 90.77
04/23/18, 90.26, 90.98, 90.32, 90.95
04/20/18, 89.90, 90.48, 89.89, 90.32
04/19/18, 89.62, 89.95, 89.50, 89.94
04/18/18, 89.50, 89.78, 89.45, 89.62
04/17/18, 89.41, 89.67, 89.23, 89.52
04/16/18, 89.77, 89.85, 89.39, 89.42
04/13/18, 89.76, 89.88, 89.66, 89.80
04/12/18, 89.52, 89.96, 89.44, 89.75
04/11/18, 89.58, 89.67, 89.36, 89.57
04/10/18, 89.83, 89.97, 89.54, 89.59
04/09/18, 90.07, 90.27, 89.82, 89.84
04/06/18, 90.38, 90.60, 90.07, 90.11
04/05/18, 90.09, 90.59, 90.07, 90.46
04/04/18, 90.16, 90.23, 89.92, 90.14
04/03/18, 90.02, 90.28, 89.85, 90.20
04/02/18, 89.97, 90.15, 89.82, 90.05
03/30/18, 90.07, 90.18, 89.90, 90.15
03/29/18, 90.07, 90.18, 89.90, 90.15
03/28/18, 89.32, 90.15, 89.25, 90.06
03/27/18, 89.02, 89.63, 88.94, 89.37
03/26/18, 89.47, 89.52, 88.98, 89.03
03/23/18, 89.69, 89.74, 89.40, 89.44
03/22/18, 89.65, 89.96, 89.40, 89.86
03/21/18, 90.41, 90.40, 89.63, 89.78
03/20/18, 89.88, 90.44, 89.85, 90.37
03/19/18, 90.20, 90.34, 89.76, 89.77
03/16/18, 90.14, 90.38, 89.89, 90.23
03/15/18, 89.75, 90.17, 89.62, 90.14
03/14/18, 89.70, 89.89, 89.56, 89.70
03/13/18, 89.91, 90.11, 89.59, 89.66
03/12/18, 90.11, 90.19, 89.84, 89.89
03/09/18, 90.20, 90.36, 90.00, 90.09
03/08/18, 89.59, 90.23, 89.44, 90.18
03/07/18, 89.51, 89.78, 89.41, 89.64
03/06/18, 89.96, 90.06, 89.43, 89.62
03/05/18, 89.83, 90.22, 89.83, 90.08
03/02/18, 90.25, 90.29, 89.88, 89.94
03/01/18, 90.67, 90.93, 90.21, 90.32
02/28/18, 90.41, 90.70, 90.31, 90.61
02/27/18, 89.80, 90.50, 89.69, 90.36
02/26/18, 89.88, 90.05, 89.50, 89.85
02/23/18, 89.78, 90.06, 89.76, 89.88
02/22/18, 90.16, 90.23, 89.64, 89.74
02/21/18, 89.71, 90.16, 89.59, 90.00
02/20/18, 89.24, 89.80, 89.22, 89.72
02/19/18, 88.57, 89.23, 88.25, 89.10
02/16/18, 88.57, 89.23, 88.25, 89.10
02/15/18, 88.96, 89.00, 88.54, 88.59
02/14/18, 89.69, 90.12, 88.94, 89.12
02/13/18, 90.09, 90.18, 89.61, 89.70
02/12/18, 90.33, 90.43, 90.07, 90.21
02/09/18, 90.25, 90.56, 90.12, 90.44
02/08/18, 90.27, 90.57, 90.01, 90.23
02/07/18, 89.63, 90.40, 89.47, 90.25
02/06/18, 89.66, 90.03, 89.37, 89.58
02/05/18, 89.19, 89.70, 89.02, 89.55
02/02/18, 88.64, 89.42, 88.59, 89.19
02/01/18, 89.04, 89.33, 88.56, 88.67
01/31/18, 89.10, 89.30, 88.78, 89.13
01/30/18, 89.36, 89.64, 88.91, 89.16
01/29/18, 89.02, 89.62, 89.01, 89.31
01/26/18, 89.40, 89.58, 88.44, 89.07
01/25/18, 89.32, 90.11, 89.16, 89.39
01/24/18, 90.00, 90.59, 89.97, 89.21
01/23/18, 90.39, 90.70, 90.35, 90.12
01/22/18, 90.67, 90.70, 90.16, 90.40
01/19/18, 90.50, 90.98, 90.41, 90.57
01/18/18, 90.78, 91.00, 90.11, 90.50
01/17/18, 90.44, 90.82, 90.34, 90.54
01/16/18, 90.44, 90.83, 90.34, 90.39
01/15/18, 90.89, 90.94, 90.28, 90.97
01/12/18, 91.85, 91.88, 90.90, 90.97
01/11/18, 92.33, 92.55, 91.79, 91.85
01/10/18, 92.57, 92.58, 91.92, 92.33
01/09/18, 92.34, 92.64, 92.21, 92.53
01/08/18, 92.06, 92.40, 91.88, 92.36
01/05/18, 91.87, 92.10, 91.78, 91.95
01/04/18, 92.22, 92.26, 91.80, 91.85
01/03/18, 91.82, 92.26, 91.81, 92.16
01/02/18, 92.24, 92.25, 91.75, 91.87
01/01/18, 92.67, 92.67, 92.08, 92.12
12/29/17, 92.67, 92.67, 92.08, 92.12
12/28/17, 93.00, 93.02, 92.57, 92.60
12/27/17, 93.30, 93.31, 92.96, 93.03
12/26/17, 93.25, 93.40, 93.20, 93.26
12/25/17, 93.37, 93.56, 93.31, 93.35
12/22/17, 93.37, 93.56, 93.31, 93.35
12/21/17, 93.31, 93.50, 93.23, 93.28
12/20/17, 93.50, 93.53, 93.16, 93.31
12/19/17, 93.71, 93.76, 93.43, 93.44
12/18/17, 93.98, 94.03, 93.38, 93.69
12/15/17, 93.65, 94.00, 93.41, 93.93
12/14/17, 93.41, 93.76, 93.28, 93.49
12/13/17, 94.06, 94.11, 93.39, 93.43
12/12/17, 93.91, 94.22, 93.76, 94.10
12/11/17, 93.92, 93.98, 93.67, 93.87
12/08/17, 93.79, 94.09, 93.77, 93.90
12/07/17, 93.54, 93.80, 93.51, 93.80
12/06/17, 93.31, 93.65, 93.17, 93.61
12/05/17, 93.08, 93.49, 93.03, 93.38
12/04/17, 93.22, 93.36, 93.07, 93.19
12/01/17, 93.03, 93.25, 92.60, 92.89
11/30/17, 93.26, 93.50, 92.73, 93.05
11/29/17, 93.22, 93.44, 92.99, 93.16
11/28/17, 92.89, 93.34, 92.83, 93.27
11/27/17, 92.69, 92.98, 92.50, 92.90
11/24/17, 93.13, 93.25, 92.67, 92.78
11/23/17, 93.30, 93.31, 93.07, 93.22
11/22/17, 93.93, 93.96, 93.21, 93.22
11/21/17, 94.04, 94.17, 93.88, 93.95
11/20/17, 93.71, 94.10, 93.58, 94.08
11/17/17, 93.87, 93.93, 93.51, 93.66
11/16/17, 93.84, 94.00, 93.77, 93.93
11/15/17, 93.86, 93.93, 93.40, 93.81
11/14/17, 94.52, 94.54, 93.75, 93.83
11/13/17, 94.41, 94.64, 94.40, 94.49
11/10/17, 94.50, 94.65, 94.26, 94.39
11/09/17, 94.88, 94.96, 94.42, 94.44
11/08/17, 94.80, 94.97, 94.78, 94.87
11/07/17, 94.72, 95.15, 94.70, 94.91
11/06/17, 94.91, 95.08, 94.69, 94.76
11/03/17, 94.73, 95.02, 94.41, 94.94
11/02/17, 94.80, 94.80, 94.41, 94.69
11/01/17, 94.55, 94.85, 94.51, 94.81
10/31/17, 94.54, 94.70, 94.45, 94.55
10/30/17, 94.79, 94.90, 94.44, 94.56
10/27/17, 94.72, 95.15, 94.73, 94.92
10/26/17, 93.63, 94.72, 93.48, 94.61
10/25/17, 93.94, 94.01, 93.61, 93.71
10/24/17, 93.83, 93.99, 93.68, 93.77
10/23/17, 93.84, 94.02, 93.68, 93.94
10/20/17, 93.16, 93.78, 93.12, 93.70
10/19/17, 93.42, 93.55, 93.06, 93.27
10/18/17, 93.48, 93.80, 93.36, 93.36
10/17/17, 93.31, 93.73, 93.28, 93.49
10/16/17, 93.08, 93.36, 93.08, 93.31
10/13/17, 93.09, 93.24, 92.75, 93.09
10/12/17, 92.95, 93.23, 92.80, 93.06
10/11/17, 93.25, 93.37, 92.90, 93.02
10/10/17, 93.73, 93.74, 93.14, 93.29
10/09/17, 93.77, 93.84, 93.62, 93.67
10/06/17, 93.92, 94.27, 93.77, 93.80
10/05/17, 93.48, 93.99, 93.41, 93.96
10/04/17, 93.59, 93.58, 93.26, 93.46
10/03/17, 93.60, 93.92, 93.43, 93.57
10/02/17, 93.29, 93.66, 93.12, 93.56
09/29/17, 93.17, 93.27, 92.95, 93.08
09/28/17, 93.47, 93.67, 93.07, 93.08
09/27/17, 93.04, 93.61, 93.00, 93.36
09/26/17, 92.60, 93.29, 92.55, 92.97
09/25/17, 92.15, 92.72, 92.21, 92.65
09/22/17, 92.18, 92.22, 91.78, 92.17
09/21/17, 92.47, 92.66, 92.10, 92.26
09/20/17, 91.83, 92.70, 91.53, 92.51
09/19/17, 91.98, 92.05, 91.75, 91.79
09/18/17, 91.93, 92.21, 91.80, 92.05
09/15/17, 92.00, 92.17, 91.58, 91.87
09/14/17, 92.35, 92.66, 91.97, 92.12
09/13/17, 91.88, 92.53, 91.71, 92.52
09/12/17, 91.86, 92.08, 91.77, 91.88
09/11/17, 91.32, 91.98, 91.42, 91.88
09/08/17, 91.49, 91.51, 91.01, 91.35
09/07/17, 92.20, 92.25, 91.41, 91.66
09/06/17, 92.24, 92.38, 91.99, 92.29
09/05/17, 92.60, 92.73, 92.18, 92.25
09/04/17, 92.61, 92.93, 92.10, 92.81
09/01/17, 92.61, 92.93, 92.10, 92.81
08/31/17, 92.85, 93.35, 92.56, 92.67
08/30/17, 92.30, 92.95, 92.25, 92.88
08/29/17, 92.22, 92.47, 91.62, 92.25
08/28/17, 92.36, 92.55, 92.17, 92.21
08/25/17, 93.27, 93.44, 92.42, 92.74
08/24/17, 93.16, 93.38, 93.14, 93.28
08/23/17, 93.51, 93.63, 93.13, 93.15
08/22/17, 93.14, 93.58, 93.06, 93.55
08/21/17, 93.43, 93.58, 93.00, 93.09
08/18/17, 93.68, 93.76, 93.33, 93.43
08/17/17, 93.44, 94.08, 93.31, 93.62
08/16/17, 93.83, 94.14, 93.47, 93.54
08/15/17, 93.46, 94.14, 93.44, 93.85
08/14/17, 93.09, 93.50, 93.05, 93.41
08/11/17, 93.43, 93.51, 92.93, 93.07
08/10/17, 93.50, 93.81, 93.32, 93.40
08/09/17, 93.56, 93.89, 93.49, 93.55
08/08/17, 93.44, 93.88, 93.24, 93.65
08/07/17, 93.50, 93.54, 93.30, 93.43
08/04/17, 92.76, 93.77, 92.70, 93.54
08/03/17, 92.90, 93.04, 92.68, 92.84
08/02/17, 93.06, 93.16, 92.55, 92.84
08/01/17, 92.89, 93.12, 92.78, 93.04
07/31/17, 93.36, 93.53, 92.78, 92.86
07/28/17, 93.87, 93.95, 93.26, 93.26
07/27/17, 93.46, 94.10, 93.15, 93.86
07/26/17, 94.09, 94.28, 93.37, 93.67
07/25/17, 94.03, 94.12, 93.64, 94.05
07/24/17, 93.95, 94.12, 93.82, 93.98
07/21/17, 94.30, 94.36, 93.85, 93.86
07/20/17, 94.77, 95.17, 94.09, 94.31
07/19/17, 94.69, 94.89, 94.64, 94.78
07/18/17, 95.16, 95.19, 94.48, 94.60
07/17/17, 95.10, 95.35, 95.02, 95.13
07/14/17, 95.80, 95.83, 95.09, 95.15
07/13/17, 95.85, 95.92, 95.46, 95.73
07/12/17, 95.71, 95.98, 95.51, 95.77
07/11/17, 96.07, 96.20, 95.65, 95.76
07/10/17, 96.04, 96.20, 95.95, 96.06
07/07/17, 95.80, 96.15, 95.75, 96.00
07/06/17, 96.19, 96.34, 95.78, 95.81
07/05/17, 96.19, 96.51, 96.07, 96.19
07/04/17, 96.16, 96.33, 96.05, 96.26
07/03/17, 95.64, 96.24, 95.63, 96.20
06/30/17, 95.54, 95.83, 95.47, 95.63
06/29/17, 96.04, 96.05, 95.53, 95.56
06/28/17, 96.43, 96.62, 95.97, 96.04
06/27/17, 97.43, 97.45, 96.34, 96.47
06/26/17, 97.30, 97.47, 97.11, 97.42
06/23/17, 97.56, 97.58, 97.18, 97.30
06/22/17, 97.55, 97.65, 97.43, 97.54
06/21/17, 97.73, 97.80, 97.52, 97.56
06/20/17, 97.53, 97.87, 97.43, 97.75
06/19/17, 97.11, 97.58, 97.05, 97.52
06/16/17, 97.48, 97.56, 97.10, 97.16
06/15/17, 96.93, 97.56, 96.84, 97.47
06/14/17, 97.00, 97.13, 96.32, 96.95
06/13/17, 97.17, 97.28, 96.95, 97.00
06/12/17, 97.27, 97.32, 97.04, 97.16
06/09/17, 97.18, 97.50, 97.14, 97.28
06/08/17, 96.70, 97.23, 96.59, 97.21
06/07/17, 96.54, 96.98, 96.51, 96.69
06/06/17, 96.79, 96.80, 96.52, 96.53
06/05/17, 96.68, 96.97, 96.70, 96.80
06/02/17, 97.19, 97.31, 96.65, 96.67
06/01/17, 96.99, 97.32, 96.90, 97.20
05/31/17, 97.43, 97.50, 96.86, 96.98
05/30/17, 97.63, 97.78, 97.22, 97.40
05/29/17, 97.45, 97.61, 97.33, 97.59
05/26/17, 97.23, 97.55, 97.04, 97.40
05/25/17, 97.07, 97.28, 96.88, 97.19
05/24/17, 97.34, 97.47, 97.03, 97.10
05/23/17, 96.95, 97.42, 96.80, 97.34
05/22/17, 97.16, 97.44, 96.80, 96.99
05/19/17, 97.85, 97.85, 97.08, 97.12
05/18/17, 97.44, 98.07, 97.37, 97.88
05/17/17, 98.09, 98.13, 97.33, 97.39
05/16/17, 98.88, 98.89, 98.08, 98.19
05/15/17, 99.17, 99.26, 98.79, 98.88
05/12/17, 99.63, 99.70, 99.16, 99.19
05/11/17, 99.66, 99.89, 99.49, 99.65
05/10/17, 99.48, 99.72, 99.36, 99.63
05/09/17, 99.14, 99.69, 99.08, 99.54
05/08/17, 98.50, 99.18, 98.60, 99.16
05/05/17, 98.77, 98.97, 98.54, 98.58
05/04/17, 99.35, 99.46, 98.71, 98.78
05/03/17, 98.92, 99.39, 98.89, 99.38
05/02/17, 99.07, 99.22, 98.92, 98.95
05/01/17, 98.94, 99.21, 98.89, 99.13
04/28/17, 99.17, 99.25, 98.72, 99.04
04/27/17, 98.95, 99.33, 98.81, 99.15
04/26/17, 98.85, 99.33, 98.73, 98.98
04/25/17, 99.05, 99.22, 98.69, 98.83
04/24/17, 99.75, 99.33, 98.91, 99.04
04/21/17, 99.83, 100.03, 99.65, 99.98
04/20/17, 99.78, 99.85, 99.37, 99.84
04/19/17, 99.51, 99.89, 99.51, 99.81
04/18/17, 100.34, 100.40, 99.47, 99.50
04/17/17, 100.49, 100.47, 100.00, 100.30
04/14/17, 100.16, 100.60, 100.01, 100.58
04/13/17, 100.16, 100.60, 100.01, 100.58
04/12/17, 100.73, 100.82, 100.09, 100.18
04/11/17, 100.97, 101.08, 100.58, 100.71
04/10/17, 101.15, 101.34, 100.94, 101.01
04/07/17, 100.73, 101.26, 100.52, 101.13
04/06/17, 100.50, 100.77, 100.38, 100.72
04/05/17, 100.52, 100.85, 100.41, 100.52
04/04/17, 100.49, 100.73, 100.42, 100.49
04/03/17, 100.51, 100.69, 100.37, 100.49
03/31/17, 100.49, 100.65, 100.25, 100.56
03/30/17, 99.96, 100.60, 99.92, 100.51
03/29/17, 99.70, 100.13, 99.67, 99.93
03/28/17, 99.22, 99.79, 99.11, 99.68
03/27/17, 99.43, 99.38, 98.86, 99.22
03/24/17, 99.77, 100.00, 99.53, 99.77
03/23/17, 99.75, 99.87, 99.63, 99.76
03/22/17, 99.69, 99.93, 99.55, 99.72
03/21/17, 100.37, 100.35, 99.66, 99.75
03/20/17, 100.33, 100.45, 100.02, 100.36
03/17/17, 100.24, 100.47, 100.14, 100.31
03/16/17, 100.56, 100.75, 100.21, 100.23
03/15/17, 101.71, 101.71, 100.49, 100.54
03/14/17, 101.40, 101.79, 101.34, 101.74
03/13/17, 101.29, 101.39, 101.01, 101.37
03/10/17, 101.99, 102.00, 101.17, 101.38
03/09/17, 102.11, 102.25, 101.70, 102.03
03/08/17, 101.79, 102.19, 101.71, 102.12
03/07/17, 101.68, 101.91, 101.53, 101.82
03/06/17, 101.42, 101.75, 101.22, 101.70
03/03/17, 102.13, 102.17, 101.34, 101.54
03/02/17, 101.92, 102.26, 101.78, 102.15
03/01/17, 101.43, 101.97, 101.23, 101.77
02/28/17, 101.21, 101.40, 100.78, 101.36
02/27/17, 101.09, 101.27, 100.69, 101.17
02/24/17, 100.95, 101.17, 100.66, 101.12
02/23/17, 101.38, 101.44, 100.87, 100.98
02/22/17, 101.40, 101.72, 101.17, 101.33
02/21/17, 100.93, 101.60, 100.91, 101.44
02/20/17, 100.52, 100.96, 100.45, 100.95
02/17/17, 100.52, 100.96, 100.45, 100.95
02/16/17, 101.05, 101.07, 100.41, 100.50
02/15/17, 101.22, 101.76, 101.00, 101.09
02/14/17, 100.98, 101.38, 100.70, 101.23
02/13/17, 100.84, 101.11, 100.58, 101.02
02/10/17, 100.67, 101.01, 100.58, 100.71
02/09/17, 100.22, 100.68, 100.08, 100.67
02/08/17, 100.44, 100.64, 100.06, 100.17
02/07/17, 99.93, 100.72, 99.91, 100.40
02/06/17, 99.61, 100.25, 99.63, 99.90
02/03/17, 99.79, 100.26, 99.56, 99.73
02/02/17, 99.76, 99.87, 99.23, 99.82
02/01/17, 99.56, 100.04, 99.50, 99.75
01/31/17, 100.33, 100.51, 99.43, 99.55
01/30/17, 100.34, 101.02, 100.17, 100.37
01/27/17, 100.49, 100.82, 100.32, 100.56
01/26/17, 99.91, 100.73, 99.79, 100.53
01/25/17, 100.31, 100.41, 99.83, 99.92
01/24/17, 100.08, 100.43, 99.92, 100.27
01/23/17, 100.73, 100.67, 99.90, 99.93
01/20/17, 101.17, 101.50, 100.70, 100.81
01/19/17, 101.35, 101.73, 100.97, 101.17
01/18/17, 100.43, 101.34, 100.32, 101.29
01/17/17, 101.54, 101.62, 100.26, 100.30
01/16/17, 101.18, 101.73, 101.32, 101.57
01/13/17, 101.51, 101.67, 101.01, 101.19
01/12/17, 101.67, 101.80, 100.72, 101.45
01/11/17, 102.07, 102.95, 101.28, 101.73
01/10/17, 101.85, 102.10, 101.51, 102.04
01/09/17, 102.25, 102.52, 101.80, 101.84
01/06/17, 101.40, 102.29, 101.37, 102.22
01/05/17, 102.45, 102.51, 101.30, 101.40
01/04/17, 103.17, 103.44, 102.39, 102.52
01/03/17, 102.88, 103.82, 102.59, 103.21
01/02/17, 102.13, 102.59, 101.91, 102.21